"","LSTM (t)","LSTM (p)","Logistic Regression (L1) (t)","Logistic Regression (L1) (p)","Logistic Regression (L2) (t)","Logistic Regression (L2) (p)","Neural Network (t)","Neural Network (p)","Random Forest Classifier (t)","Random Forest Classifier (p)"
"LSTM",NA,NA,2.68383167831695,0.0119007336589152,2.67611468169675,0.0121216283456993,17.0504873237785,1.18000642002454e-16,0.282992890341231,0.779192564433338
"Logistic Regression (L1)",-2.68383167831695,0.0119007336589152,NA,NA,-0.0225400119373156,0.982171574705173,13.9157441481351,2.28836881885961e-14,-0.815097116665844,0.421660665495163
"Logistic Regression (L2)",-2.67611468169675,0.0121216283456993,0.0225400119373156,0.982171574705173,NA,NA,13.9164000432369,2.28563698590738e-14,-0.813925216716003,0.422320959287041
"Neural Network",-17.0504873237785,1.18000642002454e-16,-13.9157441481351,2.28836881885961e-14,-13.9164000432369,2.28563698590738e-14,NA,NA,-14.9416409790482,3.71422455871682e-15
"Random Forest Classifier",-0.282992890341231,0.779192564433338,0.815097116665844,0.421660665495163,0.813925216716003,0.422320959287041,14.9416409790482,3.71422455871682e-15,NA,NA
