"","LSTM (t)","LSTM (p)","Logistic Regression (L1) (t)","Logistic Regression (L1) (p)","Logistic Regression (L2) (t)","Logistic Regression (L2) (p)","Neural Network (t)","Neural Network (p)","Random Forest Classifier (t)","Random Forest Classifier (p)"
"LSTM",NA,NA,-4.62572244420329,7.17022684988323e-05,7.40271803083057,3.71367912526833e-08,1.85466131393391,0.0738385497036708,-5.28606490552674,1.14545710620389e-05
"Logistic Regression (L1)",4.62572244420329,7.17022684988323e-05,NA,NA,14.2402099300315,1.27383354414436e-14,7.69144865209807,1.75969976426085e-08,-0.23686624154064,0.814425802275784
"Logistic Regression (L2)",-7.40271803083057,3.71367912526833e-08,-14.2402099300315,1.27383354414436e-14,NA,NA,-5.57327334689511,5.16484090628882e-06,-9.87595317424557,8.75367402686565e-11
"Neural Network",-1.85466131393391,0.0738385497036708,-7.69144865209807,1.75969976426085e-08,5.57327334689511,5.16484090628882e-06,NA,NA,-6.05837212928984,1.35725565557404e-06
"Random Forest Classifier",5.28606490552674,1.14545710620389e-05,0.23686624154064,0.814425802275784,9.87595317424557,8.75367402686565e-11,6.05837212928984,1.35725565557404e-06,NA,NA
