"","LSTM_16_1 (t)","LSTM_16_1 (p)","LSTM_16_2 (t)","LSTM_16_2 (p)","LSTM_16_3 (t)","LSTM_16_3 (p)","LSTM_32_1 (t)","LSTM_32_1 (p)","LSTM_32_2 (t)","LSTM_32_2 (p)","LSTM_32_3 (t)","LSTM_32_3 (p)"
"LSTM_16_1",NA,NA,-2.89626372499496,0.00711146052851261,-3.94319138293315,0.000466691944657681,2.47847233887564,0.0192580449660497,-3.78845156538413,0.000708298122169568,-3.15873712410285,0.0036864443415735
"LSTM_16_2",2.89626372499496,0.00711146052851261,NA,NA,-2.57880032126224,0.0152550826369142,5.25534409054511,1.24749549922231e-05,-0.458210533777512,0.65021641539698,-0.697647885231861,0.490953477331592
"LSTM_16_3",3.94319138293315,0.000466691944657681,2.57880032126224,0.0152550826369142,NA,NA,5.43185541835205,7.64255583351486e-06,1.13424889703242,0.265979322104695,1.62755142407724,0.114438007764858
"LSTM_32_1",-2.47847233887564,0.0192580449660497,-5.25534409054511,1.24749549922231e-05,-5.43185541835205,7.64255583351486e-06,NA,NA,-4.74847283927873,5.10168764130662e-05,-4.88300310064051,3.51132365013803e-05
"LSTM_32_2",3.78845156538413,0.000708298122169568,0.458210533777512,0.65021641539698,-1.13424889703242,0.265979322104695,4.74847283927873,5.10168764130662e-05,NA,NA,-0.0599774856245762,0.952584988878546
"LSTM_32_3",3.15873712410285,0.0036864443415735,0.697647885231861,0.490953477331592,-1.62755142407724,0.114438007764858,4.88300310064051,3.51132365013803e-05,0.0599774856245762,0.952584988878546,NA,NA
