"","LSTM (t)","LSTM (p)","Logistic Regression (L1) (t)","Logistic Regression (L1) (p)","Logistic Regression (L2) (t)","Logistic Regression (L2) (p)","Neural Network (t)","Neural Network (p)","Random Forest Classifier (t)","Random Forest Classifier (p)"
"LSTM",NA,NA,3.02986168916289,0.00510361260400405,18.0906885056938,2.4441032994506e-17,6.00245253224717,1.58210995605121e-06,5.60096418016197,4.78382480223207e-06
"Logistic Regression (L1)",-3.02986168916289,0.00510361260400405,NA,NA,15.5090609687087,1.41575389596816e-15,6.06065134112736,1.34880834086828e-06,4.80202464333024,4.39697766861614e-05
"Logistic Regression (L2)",-18.0906885056938,2.4441032994506e-17,-15.5090609687087,1.41575389596816e-15,NA,NA,-10.5100665147542,2.10957289150966e-11,-9.45387273389414,2.32296500817487e-10
"Neural Network",-6.00245253224717,1.58210995605121e-06,-6.06065134112736,1.34880834086828e-06,10.5100665147542,2.10957289150966e-11,NA,NA,1.39286766899057,0.174246784662068
"Random Forest Classifier",-5.60096418016197,4.78382480223207e-06,-4.80202464333024,4.39697766861614e-05,9.45387273389414,2.32296500817487e-10,-1.39286766899057,0.174246784662068,NA,NA
